{"cameraMode":{"drawMode":0,"name":"Shaded","section":"Shading Mode"},"sceneLighting":false,"audioPlay":false,"sceneViewState":{"m_AlwaysRefresh":false,"showFog":true,"showSkybox":false,"showFlares":true,"showImageEffects":true,"showParticleSystems":true,"showVisualEffectGraphs":true,"m_FxEnabled":true},"in2DMode":false,"pivot":{"x":32.47999954223633,"y":3.4200000762939455,"z":8.956024169921875},"rotation":{"x":-0.11552052944898606,"y":0.022941039875149728,"z":-0.002665290143340826,"w":-0.9930439591407776},"size":0.8660253882408142,"orthographic":false}